id,name,email,gender,address,city
1,Cate Arnefield,carnefield0@about.me,Female,,
2,Sharleen Summerside,ssummerside1@lulu.com,Female,54 Lillian Circle,
3,Diena Dalyiel,ddalyiel2@meetup.com,Female,96 Canary Junction,Lille
4,Bianka Keaton,bkeaton3@blog.com,Female,,
5,Emmy Ashcroft,eashcroft4@psu.edu,Male,,Santa Maria da Feira
6,Noll Tailby,ntailby5@wikipedia.org,Male,,Horgo
7,Daron Auchterlony,dauchterlony6@themeforest.net,Male,,Gongdanglegi Kulon
8,Rafaello Duprey,rduprey7@fema.gov,,,
9,Katuscha Knapp,kknapp8@friendfeed.com,Female,48977 Commercial Trail,
10,Felipe Jorio,fjorio9@cisco.com,Male,8308 Carpenter Parkway,
11,Aprilette Cartmail,acartmaila@last.fm,,9 Bowman Terrace,Chisong
12,Langsdon Syplus,lsyplusb@lulu.com,,,
13,Dimitry Clever,dcleverc@eepurl.com,,887 Bultman Terrace,
14,Appolonia Rounding,aroundingd@oakley.com,Female,,
15,Shelia Spinks,sspinkse@upenn.edu,,28419 Stephen Court,
16,Consuelo Armand,carmandf@squidoo.com,,,Canmang
17,Sherwin Beese,sbeeseg@icio.us,,,Rinconada
18,Reinaldos McCreadie,,,1 Moulton Hill,
19,Anastasie MacGraith,,Female,,Pinayagan Norte
20,Eldridge Iacovo,eiacovoj@cargocollective.com,Male,18962 Memorial Plaza,
21,Korella Purry,kpurryk@wix.com,Female,582 Russell Plaza,Borok
22,Bess Eastup,beastupl@cloudflare.com,Female,820 Dryden Avenue,Barreiro
23,Hugo Harbin,hharbinm@hexun.com,,,
24,Elsa MacCaull,emaccaulln@imdb.com,Female,,Partesh
25,Penn Doswell,pdoswello@cornell.edu,Male,69 Towne Center,Cibeureum
26,Serge McCombe,smccombep@friendfeed.com,Genderfluid,,Mancha Khiri
27,Glenn Darlaston,gdarlastonq@mozilla.org,Male,82274 Sauthoff Way,Yuto
28,Vlad Artharg,varthargr@tamu.edu,Polygender,,Pompano Beach
29,Eben Scritch,escritchs@w3.org,Male,959 Anderson Way,
30,Jermaine Brotheridge,jbrotheridget@newyorker.com,Male,0 Rutledge Junction,
31,Dew Rainbird,drainbirdu@123-reg.co.uk,,079 Harper Park,Şalākhid
32,Teodora Eadie,teadiev@cam.ac.uk,Female,,Rtishchevo
33,Kelcie Beale,kbealew@dagondesign.com,,,Marcara
34,Gwendolen Moukes,gmoukesx@disqus.com,Female,,Pokrzywnica
35,Kippie Dignam,kdignamy@cbslocal.com,Male,74834 Stoughton Crossing,Haapsalu
36,Georg Iashvili,giashviliz@admin.ch,,4756 Atwood Road,
37,Margret Anespie,manespie10@com.com,Bigender,,Jargalant
38,Dugald Northen,dnorthen11@google.es,Male,2002 Milwaukee Court,Qujing
39,Aldo Standing,astanding12@blogspot.com,Male,2 Fairfield Avenue,Chayuan
40,Mayne Hinge,mhinge13@chicagotribune.com,,76 Lakeland Park,Dvinskoy
41,Dag Beckles,dbeckles14@ucla.edu,Male,7 Warner Circle,
42,Giff Cheers,gcheers15@msu.edu,Polygender,,Horad Krychaw
43,Stephi Duigenan,sduigenan16@xinhuanet.com,Female,31236 Reindahl Crossing,Maiduguri
44,Dani Willavoys,dwillavoys17@adobe.com,Male,,Vistino
45,Dominga Cass,dcass18@cocolog-nifty.com,,,Minakuchi
46,Reeta Bartlett,rbartlett19@blog.com,Female,37 Duke Lane,Santo Antônio de Jesus
47,Veronica Baszniak,vbaszniak1a@go.com,Female,972 Loftsgordon Parkway,Štítina
48,Tristan Woolatt,twoolatt1b@typepad.com,Male,6993 Elmside Trail,Meixian
49,Jamison Izen,jizen1c@google.cn,Male,893 Chinook Avenue,Jieshipu
50,Carney Dunsmuir,cdunsmuir1d@yellowpages.com,,,
51,Tammie McClean,tmcclean1e@va.gov,Female,,Ereencav
52,Joelynn Durant,jdurant1f@hatena.ne.jp,,,Al Buq‘ah
53,Jordain Tebbett,jtebbett1g@businessweek.com,Female,46592 Buhler Terrace,Qiaotou
54,Wainwright MacNulty,wmacnulty1h@hexun.com,Polygender,104 Johnson Junction,São Caetano do Sul
55,Charis Ferfulle,cferfulle1i@time.com,Female,44962 Anderson Court,Vilhena
56,Constantine Ruzicka,cruzicka1j@ebay.co.uk,Male,64 Ohio Lane,Paranaíba
57,Axe Gillard,agillard1k@apache.org,,0 Pennsylvania Way,Minato
58,Keefe Devers,kdevers1l@com.com,Male,,Shali
59,Shanie Twiddy,stwiddy1m@pcworld.com,Female,5 Oak Valley Plaza,Blois
60,Velvet Ricard,vricard1n@unicef.org,,10971 Butterfield Road,Huangbu
61,Bree Coppock.,bcoppock1o@rambler.ru,Female,,
62,Amalle Joskowicz,ajoskowicz1p@discuz.net,,88 John Wall Alley,Belgrade
63,Alaric McRitchie,amcritchie1q@vimeo.com,,,Banayoyo
64,Chico Jocic,cjocic1r@psu.edu,Male,30 Farmco Parkway,Tiandiba
65,Alena Wethers,awethers1s@a8.net,,,Budapest
66,Agretha McGaraghan,amcgaraghan1t@artisteer.com,,,Rahama
67,Sandy O' Byrne,so1u@redcross.org,Male,00 Chive Court,Tiraspol
68,Valentia Legon,vlegon1v@reddit.com,Female,,Gasi
69,Haily Mathews,hmathews1w@mail.ru,,,
70,Julee Ovey,jovey1x@altervista.org,Female,,Huanchaco
71,Elaina Wernham,ewernham1y@1688.com,Female,42 Amoth Pass,Lashio
72,Elias McCrudden,emccrudden1z@tripod.com,Male,,Fanhu
73,Victor Espina,vespina20@washingtonpost.com,,0 School Parkway,Milton
74,Kamila Dightham,kdightham21@lulu.com,Female,9176 Maryland Court,Penanggungan
75,Lammond Dacke,ldacke22@infoseek.co.jp,Male,36241 Declaration Alley,
76,Michel Skillern,mskillern23@auda.org.au,,,Planá
77,Gardy Bygott,gbygott24@wikia.com,,7857 Arapahoe Street,
78,Mary Lace,mlace25@dion.ne.jp,Bigender,,
79,Luca Letchmore,lletchmore26@salon.com,Male,0 Quincy Hill,Aioi
80,Carr Rebeiro,crebeiro27@about.me,Male,,Zhendong
81,Renee Cranham,rcranham28@archive.org,Female,,
82,Flossie Boissier,fboissier29@tinypic.com,,,
83,Atalanta Relfe,,Female,,
84,Alisa Cuffley,acuffley2b@rediff.com,Female,6 Clemons Hill,Gununganyartambak Tengah
85,Judith Salmond,jsalmond2c@rakuten.co.jp,Female,00226 Mesta Way,Paranavaí
86,Bar Hayto,bhayto2d@geocities.com,Male,80 Buhler Point,Colón
87,Izak Barkley,ibarkley2e@prweb.com,Male,87166 Muir Lane,São João dos Montes
88,Dalenna Ryburn,dryburn2f@cornell.edu,Female,,Francisco Villa
89,Odell Smitten,,Male,3 Blackbird Place,Müllendorf
90,Dosi Elix,delix2h@vistaprint.com,Female,,Shuangshan
91,Whitney Sarjent,wsarjent2i@stanford.edu,Male,7 Brickson Park Point,
92,Urson Baribal,ubaribal2j@trellian.com,Male,,Vredendal
93,Garfield Pickthorne,gpickthorne2k@biblegateway.com,Male,81 Schiller Street,Chupa
94,Ozzy Goldsbrough,ogoldsbrough2l@uiuc.edu,,813 Nobel Crossing,Tamahú
95,Neron Mangion,nmangion2m@google.co.uk,Male,217 Merchant Plaza,Lyon
96,Claudetta Rushford,crushford2n@desdev.cn,Female,,
97,Steffane Hacquel,shacquel2o@rediff.com,Agender,,Dongshi
98,Dill Mussalli,dmussalli2p@discuz.net,Polygender,,
99,Mame Bathersby,mbathersby2q@creativecommons.org,Female,,Dowlatyār
100,Kylie Catlette,kcatlette2r@yellowpages.com,Male,,Trubchevsk
101,Maje Pember,mpember2s@dropbox.com,Male,,Guamal
102,Nanice Nicklen,nnicklen2t@barnesandnoble.com,Female,003 Banding Alley,Pringsewu
103,Travers Coopland,,Male,471 Scoville Crossing,Yong’an
104,Jacquenetta Lyon,jlyon2v@squidoo.com,Female,,Yuanlin
105,Stephanie Skaif,sskaif2w@phoca.cz,Female,,Mehtar Lām
106,Onida Coney,oconey2x@chronoengine.com,Female,324 Fisk Crossing,Kizhinga
107,Raul Flancinbaum,rflancinbaum2y@sbwire.com,,3577 Independence Place,Umuarama
108,Hally Midlar,hmidlar2z@hp.com,,51520 Dennis Junction,
109,Sammy Ferrieroi,sferrieroi30@deviantart.com,,37 Golf Course Center,Kaseda-shirakame
110,Rowland Overbury,roverbury31@domainmarket.com,Male,,Harstad
111,Chaddie Melanaphy,cmelanaphy32@illinois.edu,,,
112,Brockie Kall,bkall33@alibaba.com,Male,74 Fair Oaks Avenue,
113,Vania Holtham,vholtham34@mtv.com,,,Fengren
114,Puff Plaxton,pplaxton35@yellowpages.com,Male,573 Burning Wood Hill,Vorontsovka
115,Keen Westwater,kwestwater36@nhs.uk,,18204 Golf Terrace,Lanyang
116,Alec Mosen,amosen37@issuu.com,Male,2 Toban Alley,Tandel
117,Bartholomeo Draco,bdraco38@unesco.org,,193 Bartillon Way,Zhumadian
118,Nara Blackley,nblackley39@posterous.com,Female,63648 Reindahl Crossing,Vilar do Monte
119,Dorolice Bimrose,dbimrose3a@indiatimes.com,Female,41 Oak Parkway,Madona
120,Benjamin Barby,bbarby3b@ibm.com,Male,,
121,Jessie Saphir,jsaphir3c@ustream.tv,Female,,Gombong
122,Raul Klimkovich,rklimkovich3d@blogtalkradio.com,Male,,Ponte da Pedra
123,Sandi Glanvill,sglanvill3e@nature.com,,34920 Lillian Parkway,Kuršėnai
124,Shelli Grimmolby,sgrimmolby3f@elpais.com,Female,965 Killdeer Terrace,Kuvandyk
125,Alessandro Narrie,anarrie3g@thetimes.co.uk,Male,,Poligny
126,Arie Schohier,aschohier3h@upenn.edu,,,Shchukino
127,Jamill Lawther,jlawther3i@columbia.edu,,0639 Heffernan Park,Preko
128,Quinta Cantero,qcantero3j@state.tx.us,Female,,Xinqiao
129,Arel Balthasar,abalthasar3k@cbslocal.com,,0903 Mariners Cove Circle,Guane
130,Astrid Albarez,aalbarez3l@bluehost.com,Female,,Penengahan
131,Devland Cornelius,dcornelius3m@ebay.com,,33586 Hollow Ridge Alley,Seseng
132,Wilek Westrope,wwestrope3n@mail.ru,,362 Graceland Park,Vrbovec
133,Elana Glaysher,eglaysher3o@istockphoto.com,Female,,Yunlong
134,Gabie Yurov,gyurov3p@salon.com,,,Guyam Malaki
135,Jared Moors,jmoors3q@360.cn,,,Shangpai
136,Daphne Eates,deates3r@samsung.com,Female,514 Gerald Point,Glotovka
137,Winn Glede,wglede3s@behance.net,Male,,Mayqayyng
138,Lorettalorna Duns,lduns3t@pinterest.com,,2659 Old Gate Street,Navotas
139,Tatiania Usherwood,tusherwood3u@taobao.com,,,Châtellerault
140,Carole Brizell,cbrizell3v@reference.com,Female,444 Green Way,
141,Deva Frantzen,dfrantzen3w@go.com,Female,5943 Sunnyside Hill,
142,Alvan Seeborne,aseeborne3x@imgur.com,Male,,Józefów
143,Muhammad De la Perrelle,mde3y@nyu.edu,Male,7 Dottie Park,Xiaji
144,Ravid Peasey,rpeasey3z@marketwatch.com,Male,99 Manitowish Court,Itapetininga
145,Rosabella Tebbett,rtebbett40@archive.org,Non-binary,,Aksu
146,Dorrie Jeness,djeness41@huffingtonpost.com,Female,,Imishli
147,Lorette Isitt,lisitt42@si.edu,Female,0778 Rigney Plaza,Fukuechō
148,Fredek Carlens,fcarlens43@whitehouse.gov,Male,,Lobatse
149,Darsie Duplan,dduplan44@angelfire.com,,,Campaka
150,North McCart,nmccart45@discuz.net,Male,64 Independence Park,Dūrā al Qar‘
151,Derby Fontes,dfontes46@desdev.cn,Male,120 Burning Wood Parkway,Vareiá
152,Burch Georgeon,bgeorgeon47@bloglines.com,,71679 Tennyson Pass,
153,Adolpho Frammingham,aframmingham48@bizjournals.com,Male,,Lopatinskiy
154,Constancy McIlveen,,Female,,Piteå
155,Pamela Dalzell,pdalzell4a@wordpress.org,,,Amphoe Sikhiu
156,Batholomew Gumb,bgumb4b@answers.com,Male,79403 Butterfield Trail,
157,Mollee Lillecrap,mlillecrap4c@reverbnation.com,,45116 Hagan Alley,
158,Alphard Pflieger,apflieger4d@cbsnews.com,Male,032 Thackeray Plaza,'Ali Sabieh
159,Frances Swayne,fswayne4e@histats.com,Female,74 Stoughton Alley,Quince Mil
160,Alayne Shipway,ashipway4f@myspace.com,Female,8740 Waywood Park,Bugo
161,Virgie Yon,,,7716 Norway Maple Avenue,Sande Vila Nova
162,Johannes Goom,jgoom4h@sciencedirect.com,Male,,
163,Paulo Illiston,pilliston4i@ovh.net,Male,2524 Moland Crossing,
164,Dorie Enderle,denderle4j@symantec.com,Male,47804 Oriole Drive,Houzhen
165,Culver Matley,cmatley4k@ustream.tv,Male,7143 Atwood Plaza,Atar
166,Rees De Simone,rde4l@wsj.com,,97 Burrows Drive,Al Bājūr
167,Brittaney Feyer,,Female,838 Vernon Junction,
168,Daven Dericot,ddericot4n@slate.com,Male,860 Mayer Point,Chengdu
169,Gerianna Leather,,Polygender,6 Buell Place,Newala Kisimani
170,Cyrus Tuxwell,ctuxwell4p@wiley.com,Male,548 Montana Hill,Bollnäs
171,Margareta Honack,mhonack4q@marketwatch.com,Female,,Badar
172,Ediva Sango,,,,San Benito
173,Brenn Bartlomieczak,bbartlomieczak4s@microsoft.com,,,Burqah
174,Zacharia Stigger,zstigger4t@abc.net.au,Male,,Mandeni
175,Ashlen Aldins,aaldins4u@whitehouse.gov,Female,32 Logan Court,Cuauhtemoc
176,Ruggiero Dunlop,rdunlop4v@bbb.org,,4046 Petterle Parkway,
177,Herbie Top,htop4w@behance.net,Male,,Glagahdowo
178,Lanie Iohananof,liohananof4x@altervista.org,Male,,
179,Graig Pickerill,gpickerill4y@bravesites.com,Male,0315 Dakota Plaza,Cipaku
180,Even Carette,ecarette4z@auda.org.au,Male,45 Northview Trail,Zhongfeng
181,Nanete Schaben,nschaben50@ucsd.edu,,540 Crescent Oaks Avenue,Sergiyev Posad
182,Gale Benoix,gbenoix51@cornell.edu,,,Haoraoshan
183,Dottie Smellie,dsmellie52@whitehouse.gov,Bigender,,Łąka Prudnicka
184,Grover Gallen,ggallen53@hc360.com,Male,,Pereira
185,Malachi Baggot,mbaggot54@eepurl.com,Male,36 Kennedy Park,Dongfeng
186,Giacinta Muris,gmuris55@hibu.com,Female,,Połomia
187,Lyssa Vest,lvest56@shinystat.com,Female,62200 Anthes Place,Sarandi
188,Jamie Bramhill,jbramhill57@plala.or.jp,Male,,Tall Ḩamīs
189,Brandyn Peche,bpeche58@digg.com,Male,,Mizi
190,Hillary Jurges,hjurges59@gmpg.org,,,Shushicë
191,Isador Muccino,imuccino5a@surveymonkey.com,Male,460 Del Sol Plaza,
192,Nancie Ricardin,nricardin5b@infoseek.co.jp,,10 6th Center,Borås
193,Martin Linforth,mlinforth5c@odnoklassniki.ru,Male,09782 Dakota Way,Rancho Nuevo
194,Doralynne Pitfield,,,066 Stuart Hill,Junchuan
195,Sauncho Farncombe,,,,Soraya
196,Melicent Winter,mwinter5f@instagram.com,Female,87 American Center,
197,Curtice Landers,clanders5g@marketwatch.com,Male,290 Saint Paul Park,Guanshui
198,Hugh Chittey,hchittey5h@gov.uk,Male,1721 Summer Ridge Terrace,Yanai
199,Caye Siward,csiward5i@sbwire.com,Female,322 Florence Pass,Rendian
200,Milly Bointon,,Female,,Askainen
201,Kristo Probart,,Male,96 Union Trail,Bondokodi
202,Zitella Richardes,zrichardes5l@tamu.edu,Female,,General Luna
203,Berti Rooke,,Female,,Budayuan
204,Gratiana Candey,gcandey5n@nbcnews.com,Agender,7082 Veith Street,Huangge
205,Hebert MacConneely,hmacconneely5o@nyu.edu,Male,891 Aberg Street,Ouango
206,Thorsten Gligori,tgligori5p@infoseek.co.jp,Male,6901 Colorado Alley,Jāndiāla Sher Khān
207,Nissa Maccrea,nmaccrea5q@xinhuanet.com,,,
208,Coralyn Waiting,cwaiting5r@omniture.com,,,Vilppula
209,Dani Pickersail,dpickersail5s@cisco.com,,,
210,Janet Crunden,jcrunden5t@free.fr,,604 Hoffman Circle,
211,Leonardo Ackwood,lackwood5u@alexa.com,Male,527 Fairfield Alley,MacArthur
212,Rowen Ramos,rramos5v@nbcnews.com,Male,,Bentengjawa
213,Reinwald Hadrill,rhadrill5w@zimbio.com,Genderfluid,,
214,Bobbye Berrane,bberrane5x@arstechnica.com,,,Pohbango
215,Conn Chasmer,cchasmer5y@wp.com,,,Frashër
216,Jerad De Bruyne,jde5z@furl.net,Male,713 Birchwood Junction,
217,Haydon Meanwell,hmeanwell60@godaddy.com,Male,19039 Elmside Road,Izhmorskiy
218,Errick Castangia,ecastangia61@home.pl,Male,411 Muir Hill,Banjiang
219,Whitby Cawthry,wcawthry62@mediafire.com,Male,,Puerto Cumarebo
220,York Mayhead,ymayhead63@miibeian.gov.cn,Male,4372 Cardinal Trail,Bacungan
221,Rudie Alty,ralty64@timesonline.co.uk,Male,332 Green Place,Beiqiao
222,Timothy Erskin,terskin65@uol.com.br,Male,,Ban Phai
223,Velma Loder,vloder66@cbc.ca,,213 Karstens Terrace,Suponevo
224,Noella Cohr,ncohr67@technorati.com,,311 Pine View Alley,Kalisari
225,Clayson Brightie,cbrightie68@senate.gov,Bigender,407 Muir Point,Pexiligais
226,Roarke Crome,rcrome69@hao123.com,,,Modřice
227,Bettina Hillen,bhillen6a@myspace.com,Female,,Troitsk
228,Pablo Costley,pcostley6b@liveinternet.ru,Male,43437 Anderson Drive,Talawakele
229,Norry Petric,npetric6c@earthlink.net,Male,073 Sauthoff Trail,Gornyy
230,Carita Bunkle,,,,
231,Dulcinea Landon,dlandon6e@ucoz.ru,Female,,Novo Aripuanã
232,Alleyn McGarva,amcgarva6f@t-online.de,,,Paradyż
233,Emeline Tuftin,etuftin6g@ifeng.com,,,Eido
234,Florinda McAlpine,fmcalpine6h@nih.gov,Female,,Zagórów
235,Ulises Polfer,upolfer6i@nba.com,,,Jinzhou
236,Lissy Fluit,lfluit6j@boston.com,,,
237,Elias Ibeson,eibeson6k@cyberchimps.com,,,
238,Madlin Tumelty,mtumelty6l@ocn.ne.jp,,,Daraitan
239,Vasilis King,vking6m@reverbnation.com,,,Borūjen
240,Natalina Sivell,,Female,0362 Harper Alley,
241,Myer Curmi,mcurmi6o@1688.com,Male,67752 Derek Center,Changyŏn
242,Agnella MacFie,,Female,,
243,Robers Cortes,rcortes6q@engadget.com,,5254 Pawling Parkway,Slovenske Konjice
244,Aldridge Hakonsson,ahakonsson6r@infoseek.co.jp,Male,22372 Hazelcrest Drive,
245,Reeva Acheson,racheson6s@columbia.edu,,93 Merrick Court,Guijalo
246,Harlie Stoyles,hstoyles6t@phpbb.com,Female,,Marsaxlokk
247,Tony Formie,tformie6u@washingtonpost.com,Male,,Polyarnyy
248,Rosco Woodlands,rwoodlands6v@ifeng.com,Male,,Quetta
249,Celina Sinden,csinden6w@sphinn.com,,,Sankeng
250,Nomi Curman,ncurman6x@twitpic.com,Female,,Magepanda
251,Bar Narrie,bnarrie6y@huffingtonpost.com,Male,3373 Lillian Junction,Daixi
252,Asa Wabersich,awabersich6z@a8.net,Male,,Vista Alegre
253,Milty Billborough,mbillborough70@ameblo.jp,,,Pesqueira
254,Dur Casson,dcasson71@diigo.com,Non-binary,,Miaotou
255,Teddi Collomosse,tcollomosse72@webs.com,,,Getung
256,Ole Dmych,odmych73@home.pl,,,Chouto
257,Felita Wilmot,fwilmot74@hubpages.com,Female,,
258,Cinderella Sainsberry,csainsberry75@comsenz.com,,,Troyan
259,Nanine Berka,nberka76@fda.gov,,,Besançon
260,Pavel Cordelet,,Male,,Otun
261,Matilde Digance,mdigance78@salon.com,,04654 Thierer Park,Kamieniec
262,Cam Pressland,cpressland79@xinhuanet.com,Non-binary,520 Gerald Place,
263,Vivian Zellner,vzellner7a@zdnet.com,,688 Cordelia Street,Xuji
264,Easter Garey,egarey7b@nasa.gov,,14271 Hanover Avenue,Dushk
265,Catlin Rehn,crehn7c@about.me,Female,1571 Aberg Trail,
266,Ring Flaunders,rflaunders7d@techcrunch.com,,,Las Higueras
267,Ervin Bernhardt,ebernhardt7e@dropbox.com,Male,,Pouso Alegre
268,Frederich Hunnisett,fhunnisett7f@yahoo.com,,55 Lawn Alley,San Isidro
269,Halie Brine,hbrine7g@biglobe.ne.jp,Female,79 Grayhawk Court,Laifang
270,Aprilette Noads,anoads7h@etsy.com,Female,,Huji
271,Willi St. Paul,wst7i@nydailynews.com,,077 Chive Terrace,
272,Shirline Highnam,shighnam7j@vistaprint.com,,14 Huxley Junction,Kanda
273,Elyse Vonasek,,Female,,Dolsk
274,Stuart Ledekker,sledekker7l@paypal.com,Male,,Roches Noire
275,Phyllis Anthona,panthona7m@smugmug.com,Female,7 Towne Alley,Yangji
276,Kathie Kleeborn,kkleeborn7n@mayoclinic.com,Female,,Pringu
277,Janice Otridge,jotridge7o@salon.com,,13 Aberg Circle,Sanquan
278,Sherwin Kendrick,skendrick7p@msn.com,Male,,
279,Marys Prahm,mprahm7q@xing.com,,9 Chinook Place,Yanchi
280,Demeter Kirby,dkirby7r@tumblr.com,Female,33818 Village Alley,Sergokala
281,Nero Sheerman,,Male,54 Meadow Valley Drive,Osieczany
282,Willis Leare,wleare7t@jimdo.com,Male,,Khānewāl
283,Anabel Vost,avost7u@reverbnation.com,,,Abakan
284,Tallou Bertomeu,tbertomeu7v@wired.com,Female,,Aībak
285,Sullivan Mila,smila7w@studiopress.com,Male,88 Clove Parkway,
286,Haily Smowton,hsmowton7x@technorati.com,Male,,Shuangxi
287,Patsy Fattorini,pfattorini7y@pbs.org,,,Pavlovskiy Posad
288,Annnora Kobierzycki,,,6 Corben Terrace,Sosnogorsk
289,Cross Burgum,cburgum80@ifeng.com,Male,277 Logan Park,Wenping
290,Celina Triggel,ctriggel81@bravesites.com,Female,,Golčův Jeníkov
291,Josh Fortescue,jfortescue82@vistaprint.com,Male,11 Surrey Court,Minshan
292,Ingunna Filler,ifiller83@irs.gov,Female,,La Cruz de Taratara
293,Cairistiona Davidowich,cdavidowich84@homestead.com,Female,46147 Schurz Circle,Bogotá
294,Beverley McLelland,bmclelland85@nhs.uk,,32 Northfield Plaza,Aucallama
295,Robinet Drohan,rdrohan86@fema.gov,Male,785 Paget Place,Dřiteň
296,Griselda Hendrichs,ghendrichs87@so-net.ne.jp,Female,44995 Pepper Wood Point,Joaquín Suárez
297,Maryanna Pickrell,mpickrell88@lycos.com,Female,70109 Iowa Pass,Tomingad
298,Mortimer Ingleston,mingleston89@msu.edu,Male,,Magog
299,Venus Epps,vepps8a@gnu.org,Female,31962 Hanson Plaza,
300,Tyson Beane,tbeane8b@a8.net,Male,5 Maryland Terrace,Rizal
301,Traver Reboul,treboul8c@xinhuanet.com,Male,,Sujiatuo
302,Prudi Kearsley,pkearsley8d@oracle.com,Female,,
303,Olag Le Bosse,ole8e@nytimes.com,Male,2 3rd Road,
304,Adan Cressor,,,17795 Melody Crossing,Villa Carlos Paz
305,Brandy Stotherfield,bstotherfield8g@marriott.com,Female,,Webuye
306,Killie Leavens,kleavens8h@hao123.com,,93 Vermont Lane,Songgang
307,Ami Saddington,asaddington8i@yellowbook.com,Female,,Ziliang
308,Mic Rainey,mrainey8j@google.it,Male,,Florencio Varela
309,Dasie Bailey,dbailey8k@infoseek.co.jp,Female,5 Roth Parkway,Bat Khela
310,Tandy Runnacles,,Female,4 Westridge Park,Oliveira
311,Giacobo Dabel,gdabel8m@lycos.com,Male,6443 Lyons Trail,Lugui
312,Aron Warre,awarre8n@google.co.jp,Male,8697 Sherman Avenue,Rokietnica
313,Mallorie Fauning,mfauning8o@epa.gov,Female,,Rabāţ-e Sangī-ye Pā’īn
314,Berget Maud,,Female,,
315,Jodi Craise,jcraise8q@aol.com,Male,78087 Haas Parkway,Sanjiang
316,Mikey De Bruin,mde8r@barnesandnoble.com,Male,,Dahu
317,Byrle Mitcheson,bmitcheson8s@imageshack.us,,,Liulimiao
318,Fayth Sposito,fsposito8t@scientificamerican.com,Female,,Araxá
319,Susan McPhaden,smcphaden8u@domainmarket.com,,,Kalianda
320,Eve Gaskamp,egaskamp8v@phpbb.com,Female,6 Harper Alley,Portela
321,Jose Stockney,jstockney8w@blinklist.com,Male,,
322,Mel Jira,,Polygender,,
323,Rock Delacourt,,Male,97 East Center,Los Algarrobos
324,Rosene McGiven,rmcgiven8z@mayoclinic.com,Polygender,,Omsk
325,Becca Bonney,,,3486 Muir Crossing,Podu
326,Denny Edmondson,dedmondson91@timesonline.co.uk,Male,597 Aberg Center,Bertelhe
327,Findley Bollam,fbollam92@flickr.com,Male,1863 Melby Junction,Pontevedra
328,Jessica Maggs,jmaggs93@ocn.ne.jp,Female,35387 Sauthoff Alley,Şafāshahr
329,Thornton Muscat,tmuscat94@ca.gov,Polygender,,Zavety Il’icha
330,Tally Bodd,tbodd95@wisc.edu,,2228 Nova Crossing,Azteca
331,Aime Franzewitch,afranzewitch96@odnoklassniki.ru,,,Magtaking
332,Annmaria Magauran,amagauran97@ox.ac.uk,Female,3444 Mockingbird Court,Hrazdan
333,Alexia Evans,aevans98@eventbrite.com,Polygender,0 Dexter Parkway,Zürich
334,Darrick Croyser,dcroyser99@netvibes.com,,,Huaribamba
335,Esmeralda Rodliff,erodliff9a@scribd.com,Female,,Badou
336,Beatrice Gorrissen,bgorrissen9b@t.co,Female,,
337,Deny Radolf,dradolf9c@home.pl,Female,,Cortiços
338,Niki D'Alwis,ndalwis9d@biblegateway.com,Female,9 Dryden Terrace,
339,Nancey Brook,nbrook9e@adobe.com,,307 Barby Terrace,Waitenepang
340,Meridith Costley,mcostley9f@yellowpages.com,,50560 Holy Cross Plaza,
341,Kassandra Klee,kklee9g@narod.ru,,64 Texas Way,Getulio
342,Matthew Brislane,mbrislane9h@google.ca,Male,851 Crescent Oaks Alley,Cawayan Bugtong
343,Pierrette Mc Combe,pmc9i@cmu.edu,Female,,
344,Genny Yorkston,gyorkston9j@hao123.com,Female,,Azacualpa
345,Cornie Drivers,,Female,,Fiorentino
346,Catina Britee,cbritee9l@hibu.com,Female,0693 Dixon Road,
347,Tera Toplin,ttoplin9m@google.nl,Female,13017 Westerfield Street,Tanjung
348,Wilt O'Corhane,wocorhane9n@nature.com,Male,93 Grover Park,Jianguang
349,Sandro Lomath,slomath9o@google.com.br,,,Batumi
350,Gustie Linkie,glinkie9p@angelfire.com,Female,80602 Randy Terrace,Yasnogorsk
351,Lezlie Bleue,lbleue9q@multiply.com,Female,,Yanaul
352,Nina Greer,ngreer9r@ucsd.edu,Non-binary,,Jiancheng
353,Shaw Pharrow,spharrow9s@imgur.com,Male,,Ma’an
354,Quinn Hargreave,qhargreave9t@npr.org,,,Maralik
355,Giavani Trevett,gtrevett9u@pen.io,Male,60 Upham Park,
356,Reena Boatwright,,Female,,Huesca
357,Berton MacConnell,bmacconnell9w@networkadvertising.org,Male,21259 Monterey Avenue,Mianay
358,Georas Wildey,,Male,043 Garrison Trail,Boñgalon
359,Stephana Hultberg,shultberg9y@nationalgeographic.com,,,Nemours
360,Bernetta Stockey,bstockey9z@shutterfly.com,,,Dakhla
361,Jorrie Drache,jdrachea0@forbes.com,Female,8 Garrison Terrace,Smínthi
362,Meaghan Pfeiffer,mpfeiffera1@phoca.cz,Female,3726 Anthes Junction,Novoshakhtinskiy
363,Alexandre Trude,atrudea2@google.it,Male,45283 Village Terrace,
364,Melvin Bultitude,mbultitudea3@illinois.edu,Non-binary,70412 Porter Pass,Limushan
365,Marrissa Lethem,mlethema4@istockphoto.com,,88756 Dottie Trail,Huancheng
366,Kerrill Fairbourne,kfairbournea5@bing.com,,60 Aberg Pass,La Roxas
367,Esra Spittall,espittalla6@mashable.com,Male,,Taipingzhuang
368,Nickie Gillan,ngillana7@t-online.de,,,Yambio
369,Edd Bowcock,ebowcocka8@army.mil,Male,2931 Lakeland Way,
370,Florella Westell,fwestella9@amazon.co.jp,Female,,Wushan
371,Lucia Higginbottam,lhigginbottamaa@arizona.edu,Female,43 Evergreen Center,Taiping
372,Eran Postgate,epostgateab@auda.org.au,Female,822 Judy Street,Payao
373,Edgardo Gergolet,egergoletac@mozilla.com,Male,,Vischongo
374,Joice Espinet,,Female,,
375,Prescott Willoughley,pwilloughleyae@netscape.com,Male,,
376,Valli Lanfranchi,vlanfranchiaf@shutterfly.com,Female,,Shenzhengqiao
377,Burk Meaking,bmeakingag@ucoz.com,Male,2 Saint Paul Circle,Leiden
378,Monty Raund,mraundah@un.org,Male,4316 Mayfield Hill,Pryluky
379,Sholom Greeding,sgreedingai@sohu.com,Male,41056 Sunbrook Junction,Sonlit
380,Charlotte Kardos,ckardosaj@taobao.com,Female,,Avignon
381,Verena Morillas,vmorillasak@intel.com,Female,,Ngrayun
382,Cathyleen Jayne,cjayneal@vistaprint.com,Female,,Provo
383,Udall Allum,uallumam@hud.gov,,,Krajan
384,Amery Hrus,ahrusan@example.com,Male,5882 Longview Terrace,Shengping
385,Kimmi McGeachie,kmcgeachieao@1und1.de,,54 Ilene Circle,
386,Giff Staddom,gstaddomap@google.nl,Male,,Jingdang
387,Stephannie Wyard,,,323 Morrow Plaza,
388,Emmery Feares,efearesar@cbc.ca,Male,21645 Independence Trail,Oinófyta
389,Durant Attwoull,dattwoullas@a8.net,,,Bang Kaeo
390,Tammy Paynter,tpaynterat@alibaba.com,Female,771 Sugar Center,Minzheng
391,Harold Iggalden,,Male,,Toulouse
392,Zonnya Daintier,zdaintierav@shop-pro.jp,,,Uwajima
393,Ofelia Ganford,oganfordaw@furl.net,Female,,Wuxi
394,La verne Jarrette,,Non-binary,,Putre
395,Em Hartzogs,ehartzogsay@mtv.com,Female,835 Manufacturers Trail,Urug
396,Jemima Uebel,juebelaz@github.com,,,Pavlovsk
397,Darbee Tocque,dtocqueb0@wufoo.com,,286 Dunning Junction,Presnenskiy
398,Alessandra Migheli,amighelib1@nhs.uk,Female,,Buenavista
399,Kelci Cutmare,kcutmareb2@ask.com,,,Hinthada
400,Gilligan Phelp,gphelpb3@tuttocitta.it,,,Huaishu
401,Haven Dowyer,hdowyerb4@a8.net,,003 Reinke Point,Borowno
402,Marissa Bradbeer,mbradbeerb5@mapquest.com,Female,88430 Delaware Place,
403,Tomaso Rablen,trablenb6@mayoclinic.com,Male,,
404,Marijo Phalip,mphalipb7@myspace.com,,,Tisul’
405,Gabriellia Healing,ghealingb8@goodreads.com,,,
406,Dino Chaplain,dchaplainb9@nifty.com,Male,7616 Elgar Road,A-da-Gorda
407,Melamie Dennis,mdennisba@dmoz.org,Female,84171 South Crossing,Hexi
408,Ailsun Alvy,aalvybb@t.co,Female,0359 Redwing Road,El Copé
409,Ame Helwig,ahelwigbc@china.com.cn,Female,197 Porter Way,Chengtian
410,Roy Evennett,revennettbd@auda.org.au,Male,59423 Reindahl Way,Belomorsk
411,Levey Shemmin,lshemminbe@163.com,,5220 Lawn Avenue,Jaciara
412,Lilias Van der Linde,lvanbf@newyorker.com,Female,108 Clarendon Street,Santa Cruz
413,Greta Binton,gbintonbg@livejournal.com,,879 Dawn Street,Qinghu
414,Robbyn Brookz,rbrookzbh@epa.gov,Female,,Kosakowo
415,Sabra Chisholm,schisholmbi@fotki.com,Female,,Łodygowice
416,Kelcey Wilson,kwilsonbj@alibaba.com,Female,,Busilak
417,Patrice Colledge,pcolledgebk@accuweather.com,,,San Marcos de Colón
418,Gibbie Tafani,gtafanibl@wikispaces.com,Male,65 Hoffman Terrace,
419,Olenolin Walcher,owalcherbm@domainmarket.com,,,‘Ayn al Bayḑā
420,Ddene Hiers,dhiersbn@prweb.com,Female,9896 Eastwood Way,Khamis Mushait
421,Tristan Hordell,thordellbo@alexa.com,Male,,Marolambo
422,Jordanna Klimashevich,jklimashevichbp@soup.io,,,Asahi
423,Fanny Newlands,fnewlandsbq@barnesandnoble.com,Female,,Tongliao
424,Ellissa Bendall,ebendallbr@woothemes.com,,1310 Valley Edge Avenue,Peixing
425,Randie Ainsley,rainsleybs@pagesperso-orange.fr,Female,7714 Erie Parkway,
426,Rubie Liddiard,rliddiardbt@webnode.com,,,Choisy-le-Roi
427,Oralia Gooders,ogoodersbu@answers.com,Female,03 Everett Terrace,Mutengene
428,Adrianne Colthard,acolthardbv@epa.gov,Female,17 Johnson Park,Damasak
429,Bay Loughman,bloughmanbw@hp.com,,5485 Bobwhite Park,Tinogasta
430,Neysa Neles,nnelesbx@wp.com,,2 Dennis Parkway,
431,Shell Dregan,sdreganby@house.gov,,384 Northfield Parkway,Zabrušany
432,Claretta Harwin,charwinbz@twitter.com,,,Vilar do Pinheiro
433,Willey Weatherill,wweatherillc0@whitehouse.gov,Male,,Nosy Varika
434,Kikelia Lux,kluxc1@businessinsider.com,,,Silao
435,Ann Twigg,atwiggc2@icq.com,,,Kesugihan
436,Miriam Dewitt,mdewittc3@desdev.cn,,,Göteborg
437,Kylie Haddow,khaddowc4@uiuc.edu,,,Panjgūr
438,Chico Pyzer,cpyzerc5@oracle.com,Male,,
439,Skipper Starkings,sstarkingsc6@blogspot.com,,,Jardín América
440,Ariel Farrah,afarrahc7@imdb.com,Female,,Odiongan
441,Shelley Silber,ssilberc8@intel.com,Male,680 Moulton Terrace,Wichian Buri
442,Yule Gollard,ygollardc9@adobe.com,,25 Kropf Center,
443,Kris Ferrarone,kferraroneca@dmoz.org,Non-binary,,Dongfeng
444,Alan Beddows,abeddowscb@businesswire.com,Male,,Promna
445,Gan Loveless,glovelesscc@jalbum.net,Agender,,Āstārā
446,Jo Pantridge,jpantridgecd@sakura.ne.jp,Male,,
447,Katherine Underhill,kunderhillce@yellowbook.com,Female,551 Shopko Drive,Januária
448,Sibylla Druery,sdruerycf@pinterest.com,Female,7 Bunting Center,
449,Derron Danilovitch,ddanilovitchcg@biblegateway.com,Male,,Dukuhsawah
450,Marty Arkow,markowch@yolasite.com,Male,,Xiaoguwei
451,Marta Menure,mmenureci@tiny.cc,Female,,Dong’an
452,Sherilyn Debling,sdeblingcj@psu.edu,,1078 Namekagon Point,
453,Xavier M'Quharg,xmquhargck@livejournal.com,,6968 Prentice Parkway,Samajie Ewenkeminzu
454,Celene Van Schafflaer,cvancl@edublogs.org,,,Santa Cruz del Quiché
455,Allard Blazek,ablazekcm@ucsd.edu,Male,,Mayahi
456,Franciskus Harvard,fharvardcn@chron.com,,1 Russell Lane,West Hartford
457,Katerina Eglin,keglinco@cyberchimps.com,,2 Butternut Circle,Yangxipu
458,Maren Brettel,mbrettelcp@goo.gl,Female,,Zagórze
459,Garnette Felderer,gfelderercq@wp.com,Female,388 Debs Plaza,Opaka
460,Archie Pinckney,apinckneycr@privacy.gov.au,Male,393 Maple Avenue,Sanlian
461,Reinwald Elmes,relmescs@reverbnation.com,Male,,Luoxi
462,Gabriellia Gowar,ggowarct@springer.com,,6842 Kinsman Point,Yemva
463,Wolfie Martinat,wmartinatcu@google.com.hk,,7 Reindahl Terrace,Communal
464,Kally Izon,kizoncv@yelp.com,Female,480 Kedzie Road,Kōnan
465,Seamus Hubbold,shubboldcw@istockphoto.com,,85142 Memorial Place,Ripky
466,Barbara Dennitts,bdennittscx@yahoo.com,,3 Oriole Plaza,
467,Hoebart Domenicone,hdomeniconecy@cloudflare.com,Male,0216 Valley Edge Pass,Cavalões
468,Ugo Axtens,uaxtenscz@slate.com,Male,547 Logan Point,
469,Johan Oates,joatesd0@alibaba.com,Male,97 Atwood Trail,
470,Ellsworth Silveston,esilvestond1@t.co,Male,,
471,Krishnah Coil,,Male,2938 Graedel Point,Monção
472,Enrichetta Fallawe,,Polygender,,
473,Colan Rule,,Male,742 Spohn Road,Yartsevo
474,Levy Pettwood,lpettwoodd5@ebay.com,Male,2 Cordelia Hill,Wangjing
475,Iosep Wixey,iwixeyd6@webs.com,Genderqueer,5318 Debs Way,Oakland
476,Robyn Phear,,,79 Golf Course Park,
477,Rinaldo Apperley,,Male,,
478,Ninnette Ochterlonie,nochterlonied9@comsenz.com,Female,,
479,Barri D'Oyley,bdoyleyda@squarespace.com,Male,,Qal‘ah-ye Kūf
480,Jacklin Halbert,,Female,,
481,Arte Lidgate,alidgatedc@e-recht24.de,Bigender,2777 Northridge Center,Mijiang
482,Devonne Lipp,dlippdd@princeton.edu,Female,,
483,Ray Sweynson,rsweynsonde@imgur.com,,8755 Moulton Court,Krolevets’
484,Finn Benzi,fbenzidf@wikispaces.com,Male,,Vodyane
485,Ronna Sharplin,rsharplindg@scribd.com,Female,0 American Ash Junction,Sarirejo Satu
486,Minni Boden,mbodendh@kickstarter.com,Female,,Benito Juarez
487,Jerry Jerman,jjermandi@state.gov,Male,54 Brickson Park Point,Firavitoba
488,Jock Geyton,jgeytondj@a8.net,,5 Mosinee Place,Tungelsta
489,Demetra MacPhail,dmacphaildk@elegantthemes.com,,,Champerico
490,Oralla Smeed,,Female,,Kafr ash Shaykh
491,Gizela Cockshot,gcockshotdm@discovery.com,Female,36728 Schmedeman Lane,
492,Quinn Pollicott,qpollicottdn@va.gov,,,Huangli
493,Ceciley Ride,cridedo@ebay.co.uk,Female,,Bianba
494,Thaxter Goldston,tgoldstondp@jigsy.com,Male,1 Farragut Way,
495,Enrica Trippett,etrippettdq@prlog.org,Female,,Shangqing
496,Rodrigo Hatherleigh,rhatherleighdr@phoca.cz,Male,,Bla
497,Valentine Essberger,vessbergerds@meetup.com,,,Sanquan
498,Karel Boulding,,Male,,Dambarta
499,Flin Purse,,Male,9128 Fulton Place,Asíni
500,Elnore M'Chirrie,emchirriedv@ifeng.com,Female,618 Northridge Road,Zhyrovichy
501,Sanford Cuppitt,scuppittdw@slate.com,Male,64706 Doe Crossing Point,Chinju
502,Skylar Martlew,smartlewdx@amazon.com,Male,,Pangkalanbunut
503,Arty Lossman,alossmandy@ask.com,Male,7 Pepper Wood Drive,Halmstad
504,Evy Sayes,esayesdz@netvibes.com,,,
505,Sigvard Gounard,sgounarde0@mozilla.org,Male,,Tambac
506,Clint Dowdall,cdowdalle1@google.com,Male,32 East Way,Wulongshan
507,Aldric Iacopo,aiacopoe2@blogspot.com,Male,488 South Avenue,
508,Marcellina Fricke,mfrickee3@studiopress.com,Female,,
509,Cordi Van Haeften,cvane4@home.pl,Female,,Pirajuí
510,Jacquelynn Le Friec,jlee5@nytimes.com,Female,,Vinces
511,Ira Browse,ibrowsee6@sciencedirect.com,Male,,Krajan Satu
512,Chelsie Spadari,cspadarie7@newyorker.com,Female,1 Shelley Way,Amparafaravola
513,Betsy Eyree,beyreee8@1und1.de,Polygender,,Bolikhan
514,Caritta Fishe,cfishee9@hugedomains.com,Female,,Nove-Misto
515,Flem Bradburne,fbradburneea@yellowpages.com,Male,,Saint-Pierre-des-Corps
516,Natty Kaesmakers,nkaesmakerseb@cafepress.com,Male,,
517,Opalina Standeven,,Female,38397 Lakewood Trail,Zouérat
518,Jacklin McKerron,jmckerroned@home.pl,,29466 Sunfield Point,Zvenigorod
519,Merell Nolli,mnolliee@oaic.gov.au,Male,77 Anhalt Crossing,Yancheng
520,Jennica Krebs,jkrebsef@who.int,,,Cajacay
521,Augy Abbatt,aabbatteg@yahoo.com,Male,932 Calypso Court,Émpa
522,Bette McShirie,bmcshirieeh@google.pl,,6 Miller Parkway,Novaya Derevnya
523,Euphemia Bromwich,ebromwichei@wix.com,Female,4461 Merrick Avenue,Tanjay
524,Wyndham Buff,wbuffej@github.io,Male,,Yurovka
525,Ulysses Beaty,ubeatyek@toplist.cz,,,Białogard
526,Hanni Battleson,hbattlesonel@kickstarter.com,Female,,Eustaquio Lopez
527,Guthrie Gors,ggorsem@shareasale.com,Male,60 Onsgard Terrace,
528,Shelia Offin,soffinen@prlog.org,,9 Sherman Street,North Cowichan
529,Mile McDuall,mmcdualleo@barnesandnoble.com,Male,22 Dwight Park,Nioki
530,Sebastien Edeler,sedelerep@house.gov,Male,605 Cherokee Pass,
531,Deedee Arlt,darlteq@bravesites.com,,31 Boyd Court,Huifeng
532,Christel Dundon,cdundoner@yolasite.com,Female,0 Coleman Crossing,Rönninge
533,Larine Knewstub,lknewstubes@dyndns.org,Female,,Ulundi
534,Kellby Idwal Evans,kidwalet@t-online.de,,,Jeleuk
535,Rogers Gauntlett,rgauntletteu@apache.org,Male,,
536,Amberly Doohey,adooheyev@yale.edu,,95 Delaware Crossing,Mirovice
537,Hugh Runnicles,hrunniclesew@china.com.cn,Male,541 Spenser Crossing,Haradzyeya
538,Martie Norris,mnorrisex@imageshack.us,Female,592 Esch Trail,Leyuan
539,Mile Tabert,mtabertey@zimbio.com,Male,,
540,Yancy Cassy,ycassyez@dyndns.org,Male,9 Bayside Hill,Ambam
541,Katya Lindsell,,Female,,Santa Ana
542,Kenneth Newens,knewensf1@examiner.com,Male,,Monte Patria
543,Archibald Fero,aferof2@ted.com,Male,8345 Pawling Place,Suileng
544,Stoddard Waberer,swabererf3@moonfruit.com,Female,,Xin’e
545,Gabriellia Dyball,gdyballf4@wired.com,Female,,
546,Mirella Taberner,mtabernerf5@unc.edu,Female,492 New Castle Trail,Dahuaishu
547,Thibaud Wannop,twannopf6@bloglines.com,Male,,
548,Nevin Holstein,,Male,,Kalijeruk
549,Gabrila Pinch,gpinchf8@123-reg.co.uk,,820 Chive Point,Popil'nya
550,Serene Smithyman,ssmithymanf9@multiply.com,,375 Bultman Terrace,No Kunda
551,Paolo Mowlam,pmowlamfa@foxnews.com,Male,791 Carberry Road,
552,Ali Andrzej,aandrzejfb@shop-pro.jp,Female,,Terrugem
553,Kaleb O'Kielt,kokieltfc@smugmug.com,,958 Porter Street,Cajueiro
554,Johnette Culley,jculleyfd@gmpg.org,,734 Mendota Alley,Lebowakgomo
555,Ellerey Cowerd,ecowerdfe@histats.com,,,Yuanquan
556,Larine Melby,lmelbyff@stanford.edu,,,Belsk Duży
557,Joycelin Maunton,jmauntonfg@youtube.com,,82785 Pearson Park,Tengjia
558,Gilberta Jenson,gjensonfh@freewebs.com,Agender,8 Dapin Park,Fenoarivo Atsinanana
559,Augustine Cumberledge,acumberledgefi@miibeian.gov.cn,Female,04888 Paget Circle,Gurupi
560,Dorey Rickerby,drickerbyfj@google.pl,,,Fort Smith
561,Mercie Beushaw,mbeushawfk@bizjournals.com,,0 Sauthoff Drive,Zunilito
562,Goldina Geerling,ggeerlingfl@java.com,Female,3 Meadow Valley Park,Anchau
563,Natasha Braferton,nbrafertonfm@cocolog-nifty.com,Female,,Várzea Alegre
564,Dyan Passingham,dpassinghamfn@livejournal.com,Female,,Ailuk
565,Giffy Drillingcourt,gdrillingcourtfo@wix.com,Male,02 Milwaukee Center,Leština
566,Ruggiero Treslove,rtreslovefp@bravesites.com,,,
567,Bondy Phippin,bphippinfq@sciencedaily.com,Male,7295 Washington Parkway,Shaxi
568,Chevy Vasyunkin,cvasyunkinfr@spiegel.de,Male,,Springfield
569,Rhodia Davenell,rdavenellfs@twitter.com,Female,9865 Thierer Pass,Iradan
570,Jaymie Gumbrell,jgumbrellft@dedecms.com,Male,,
571,Sorcha Cheesman,scheesmanfu@google.co.jp,Polygender,5 Buhler Place,Shilong
572,Hirsch Benedek,hbenedekfv@ning.com,,7061 Nobel Crossing,Brody
573,Astrid Raincin,araincinfw@nsw.gov.au,Female,9 Farwell Parkway,Svoboda nad Úpou
574,Dev Hammerman,dhammermanfx@blog.com,Male,6807 Kedzie Way,Longtanping
575,Damien Vannoort,dvannoortfy@amazonaws.com,Male,37 Arkansas Park,Agago
576,Casey Pariso,cparisofz@nationalgeographic.com,Male,4 Rowland Hill,Lakkha Nëvre
577,Mano Storr,mstorrg0@huffingtonpost.com,Male,,Pandak
578,Rosana Aujean,raujeang1@who.int,Female,,Kuštilj
579,Bernadette Buntain,bbuntaing2@freewebs.com,,,Pryluky
580,Alberto Proschke,,Male,14028 Londonderry Junction,Melaka
581,Birgit McCarrick,,Female,,Kumagaya
582,Hanan Skewis,hskewisg5@rakuten.co.jp,,,Pajapita
583,Rupert Siggins,rsigginsg6@free.fr,Male,,Poctol
584,Shawna Sponer,,Female,3 Randy Court,Hantara
585,Rebekah Barnwille,rbarnwilleg8@cargocollective.com,Female,912 Sunfield Lane,Joliette
586,Caritta Drinan,cdrinang9@bloglines.com,Female,15400 Springs Circle,Finote Selam
587,Brandtr Cosgrave,bcosgravega@foxnews.com,Male,0630 Swallow Street,Weixin
588,Graig Grunder,ggrundergb@tmall.com,Male,168 Upham Court,
589,Micki Wellan,mwellangc@feedburner.com,Agender,43 Dovetail Point,Katipunan
590,Barnabe Lankham,blankhamgd@upenn.edu,Bigender,47 Almo Street,Comal
591,Desmond Kinnaird,dkinnairdge@ebay.com,Male,,Roma
592,Marcille Vuittet,mvuittetgf@wired.com,,,
593,Blancha Konmann,bkonmanngg@bloglines.com,,16709 Carey Trail,Banjar Bengkelgede
594,Deana Leadstone,dleadstonegh@taobao.com,,296 Pierstorff Junction,Kuncen
595,Theressa Elliker,tellikergi@yale.edu,Female,948 Tomscot Pass,Kujang-ŭp
596,Corina Loseke,closekegj@tripod.com,,338 Sutteridge Parkway,
597,Adolph Mindenhall,amindenhallgk@umn.edu,Male,,
598,Joy Hillin,jhillingl@miitbeian.gov.cn,,4 Prairie Rose Drive,
599,Nicolais Cutcliffe,ncutcliffegm@youtube.com,Male,4418 Farragut Alley,Huangcai
600,Massimiliano Keywood,mkeywoodgn@constantcontact.com,,816 Spenser Court,Berlin
601,Helaina Windybank,hwindybankgo@yolasite.com,,0615 Acker Terrace,Longquan
602,Keane Lowrie,klowriegp@deliciousdays.com,Male,,Fortaleza
603,Jackquelin Addison,jaddisongq@blogs.com,Female,06 Logan Way,Freetown
604,Cherie Kain,,,,
605,Karola Wakenshaw,kwakenshawgs@flavors.me,Female,,Si Narong
606,Penny Heintsch,pheintschgt@mapy.cz,Male,48547 Washington Place,Briteiros Santa Leocádia
607,Haskell Halliburton,hhalliburtongu@google.pl,,11 Autumn Leaf Street,Tatarbunary
608,Albertina Bleakman,ableakmangv@nytimes.com,Female,,Lyublino
609,Nonie Schwandt,nschwandtgw@zdnet.com,Female,82775 Debra Park,
610,Serena Bardwall,sbardwallgx@sogou.com,Female,1603 Garrison Crossing,Santa Rosa
611,Giacinta Strippling,gstripplinggy@columbia.edu,,11 Hermina Plaza,Sada
612,Willard Truckett,wtruckettgz@ucsd.edu,Male,2354 Eastlawn Place,Xianxi
613,Christean Scrauniage,cscrauniageh0@europa.eu,Bigender,659 Forest Point,Krajan Ngrambingan
614,Patti Arney,parneyh1@t-online.de,Female,,Priob’ye
615,Adolphe Scourgie,ascourgieh2@webmd.com,,0495 Ilene Court,Kurume
616,April Eades,aeadesh3@google.com.au,Female,3150 Sloan Circle,Ramos West
617,Chandra O'Hoolahan,,Female,,Graz
618,Englebert Pocknell,epocknellh5@ebay.com,Genderfluid,,
619,Nettle Galland,ngallandh6@nature.com,Female,,São Silvestre
620,Jewel Blaker,jblakerh7@fc2.com,Female,,Moravský Krumlov
621,Cristin Worman,cwormanh8@deviantart.com,Female,,Tiwi
622,Isa Cracker,icrackerh9@tumblr.com,Male,,Estancia
623,Rich Curl,,Male,,Cipicung
624,Nola Ibotson,nibotsonhb@phpbb.com,Female,769 Gateway Way,Chardonnière
625,Tobey Broz,tbrozhc@imdb.com,Female,995 Sheridan Court,Tongle
626,Titus Caberas,tcaberashd@hostgator.com,Genderfluid,,Lewolen
627,Anderea Hulles,ahulleshe@bbc.co.uk,Female,4221 Garrison Street,Hastings
628,Elnar Jacobsohn,ejacobsohnhf@issuu.com,Polygender,6 Sherman Alley,Bunol
629,Rayner Hellin,rhellinhg@virginia.edu,Genderqueer,,Xianyuan
630,Hernando Kingscott,hkingscotthh@alibaba.com,Male,84759 Morrow Court,
631,Bogart Josefsen,bjosefsenhi@livejournal.com,Male,,Micheng
632,Kandace Barnes,kbarneshj@dyndns.org,Female,,Changliang
633,Garfield Cranmor,gcranmorhk@gov.uk,Male,12751 Glacier Hill Court,Itapira
634,Rozamond Burgh,rburghhl@engadget.com,Female,493 Kingsford Street,Maopingchang
635,Dionisio Barnwill,dbarnwillhm@java.com,,16 Everett Junction,
636,Warner Brounsell,wbrounsellhn@wordpress.org,,33374 Melrose Road,Yebaishou
637,Petra Josebury,pjoseburyho@utexas.edu,Female,,Krajan Satu
638,Hakeem Fronczak,hfronczakhp@blinklist.com,Male,,Borås
639,Ruthy Hearnshaw,rhearnshawhq@xing.com,,,Pingle
640,Raven Birtles,rbirtleshr@skype.com,,,Sigli
641,Montague Carleman,mcarlemanhs@bloomberg.com,Male,19733 Loftsgordon Hill,Emiliano Zapata
642,Robinson Takle,rtakleht@china.com.cn,,13576 Maywood Junction,San Antonio Huista
643,Orsa Blackway,oblackwayhu@hhs.gov,Female,,Huineno
644,Sheena Snellman,ssnellmanhv@ameblo.jp,Genderqueer,96655 Graedel Park,Oslo
645,Zita Levesley,zlevesleyhw@tamu.edu,Polygender,64374 Florence Center,Goiana
646,Duffie Warre,dwarrehx@webs.com,Male,7 Bobwhite Alley,Taipingxi
647,Marline Fraser,mfraserhy@blogs.com,Female,71719 Mesta Road,Santa Maria da Vitória
648,Binnie Twitching,btwitchinghz@marketwatch.com,Female,6992 Rigney Alley,Onueke
649,Arnoldo Gypson,agypsoni0@pagesperso-orange.fr,Male,84167 Clemons Road,
650,Rhodia Sheer,rsheeri1@e-recht24.de,Female,145 Dayton Road,Bambuí
651,Joellen Sach,jsachi2@gmpg.org,Female,,Opatowiec
652,Tammie Noke,tnokei3@wufoo.com,Female,,Yinying
653,Kellyann Vautrey,kvautreyi4@opensource.org,Female,,Volary
654,Abbey Damrell,adamrelli5@shop-pro.jp,Male,97638 Stang Avenue,Shangdu
655,Niles Brislawn,nbrislawni6@bloomberg.com,Male,5639 Hallows Circle,Malasugui
656,Mabelle Carreyette,mcarreyettei7@columbia.edu,,,Sambava
657,Reuven Williams,rwilliamsi8@vk.com,Male,3 Kropf Hill,
658,Cyndi Teenan,cteenani9@trellian.com,Female,,Kolaka
659,Randie Bettison,rbettisonia@foxnews.com,Male,7570 Milwaukee Way,
660,Pietra Svanetti,psvanettiib@typepad.com,Female,57 Rockefeller Place,
661,Gabrila Rumbelow,grumbelowic@de.vu,Female,,Maralal
662,Leif Schulter,lschulterid@bbc.co.uk,Male,,Santa Rita
663,Jae Pagen,jpagenie@ycombinator.com,,4486 Judy Drive,Baliuag Nuevo
664,Warner Royson,wroysonif@w3.org,Male,66 Loomis Way,Nässjö
665,Garrek Bunson,gbunsonig@google.co.jp,Genderfluid,55 Bay Circle,Caozhen
666,Alfy Norville,anorvilleih@baidu.com,Genderqueer,95697 Leroy Junction,Shuiting
667,Misha Kleinbaum,mkleinbaumii@amazonaws.com,Female,,København
668,Humfrey Joontjes,hjoontjesij@xinhuanet.com,,,Bulnes
669,Birgit Easeman,beasemanik@cornell.edu,Female,91 Nevada Trail,
670,Myrtice Elijah,melijahil@java.com,,017 Ronald Regan Pass,
671,Siouxie Bambrick,sbambrickim@qq.com,Female,,
672,Arabela Vowels,avowelsin@mail.ru,Female,,
673,Scotti Adolfsen,sadolfsenio@godaddy.com,Male,54 Parkside Center,Quba
674,Matilda Ballinghall,mballinghallip@nymag.com,,003 Summer Ridge Parkway,
675,Nealy Le Count,nleiq@vkontakte.ru,Male,,
676,Aurie Jessopp,ajessoppir@topsy.com,Genderqueer,9 Caliangt Park,
677,Florella Duiguid,fduiguidis@toplist.cz,Female,,Palcamayo
678,Blythe Jessett,bjessettit@disqus.com,,,Jatobá
679,Maryjane Gristhwaite,,Female,,Amarete
680,Anna-diana Scotchbourouge,,Female,935 Lyons Point,
681,Emelina Cargo,ecargoiw@thetimes.co.uk,Female,16967 Gina Place,Batanghari
682,Jilli Dieton,jdietonix@bing.com,,,
683,Simon Mucklow,smucklowiy@google.ru,Male,,Itamarandiba
684,Abbie Chapling,achaplingiz@whitehouse.gov,,,Bucheon-si
685,Guido Chsteney,gchsteneyj0@sitemeter.com,Male,0 Erie Trail,
686,Katine Massinger,kmassingerj1@huffingtonpost.com,Female,5 Bartelt Terrace,Freguesia do Ribeirao da Ilha
687,Gertrude Allen,gallenj2@va.gov,Female,,Heshang
688,Ara De Hailes,adej3@chron.com,,,Ar Rawnah
689,My Oakhill,moakhillj4@paypal.com,Polygender,59671 Sheridan Crossing,Nuštar
690,Goraud Exley,gexleyj5@scientificamerican.com,Male,228 Harper Avenue,Bardiyā
691,Beckie Tolomio,btolomioj6@cnbc.com,Female,,Itajaí
692,Everard Cruwys,ecruwysj7@stumbleupon.com,,,Cajicá
693,Skell Muirhead,,Male,943 Thackeray Alley,Chābahār
694,Claiborn Jarmain,cjarmainj9@addthis.com,Male,,
695,Welsh Colvine,wcolvineja@google.com,,2954 Del Mar Center,Poitiers
696,Joya Rathbone,jrathbonejb@salon.com,,96207 Butternut Junction,Sōja
697,Jephthah Karpychev,jkarpychevjc@ifeng.com,,,Sayang Lauq
698,Hymie Yuranovev,hyuranovevjd@economist.com,Male,,Irará
699,Toma Bulger,tbulgerje@japanpost.jp,,,Villa Nueva
700,Bern Elderbrant,,,,Villa Aglipay
701,Phelia Eskell,peskelljg@ycombinator.com,Female,30309 Hanson Place,Jielong
702,Dee Moorman,dmoormanjh@indiatimes.com,,,Montgomery
703,Aron McMackin,amcmackinji@t-online.de,Male,2 School Lane,Salakuray
704,Sandy Antonov,santonovjj@blinklist.com,Male,,Otaru
705,Ellene Mailey,emaileyjk@tinypic.com,Female,08263 School Terrace,
706,Obadiah Newstead,onewsteadjl@buzzfeed.com,Male,,Hejiadong
707,Inger Josofovitz,ijosofovitzjm@nationalgeographic.com,Male,,Kui Buri
708,Britt Middas,bmiddasjn@webeden.co.uk,,63121 Erie Center,København
709,Abba Tineman,atinemanjo@bluehost.com,Male,364 Roxbury Court,Modosinal
710,Grannie Zarb,gzarbjp@de.vu,,4 Shelley Trail,Banī Mazār
711,Hendrick Stedmond,hstedmondjq@amazon.de,Male,073 Prentice Pass,
712,Trina Stickings,tstickingsjr@marketwatch.com,Female,75 Garrison Drive,
713,Geoffry Elgee,gelgeejs@hugedomains.com,Male,6418 Gulseth Center,Líbeznice
714,Noellyn Goullee,ngoulleejt@npr.org,,,Sirājganj
715,Clem Jocic,,,680 Comanche Court,Malibong East
716,Krishna Sheen,ksheenjv@samsung.com,Male,28794 Summer Ridge Plaza,
717,Melany Hrynczyk,mhrynczykjw@berkeley.edu,Female,,
718,James Loyndon,jloyndonjx@gnu.org,Male,,Wanglu Kulon
719,Winni Shillingford,wshillingfordjy@dailymotion.com,Female,7 7th Point,Inuotose
720,Michelina Dutteridge,mdutteridgejz@businessweek.com,,0175 Esch Street,
721,Benny Merriton,bmerritonk0@sphinn.com,,,Santa Bárbara
722,Berenice Cranston,bcranstonk1@plala.or.jp,,34715 Old Shore Parkway,Ogawa
723,Collie Dashkovich,cdashkovichk2@weebly.com,Female,,Rosaspata
724,Euphemia Lummus,elummusk3@forbes.com,Bigender,60926 Sutherland Street,
725,Anita Saylor,asaylork4@utexas.edu,,0 Haas Park,Ruangwa
726,Monika Stavers,mstaversk5@reference.com,,0624 Washington Park,
727,Ellene Guilliland,eguillilandk6@weibo.com,Genderfluid,,Jiannan
728,Gibbie Ledley,gledleyk7@europa.eu,,6 Messerschmidt Street,Ōhara
729,Demetris Veltmann,dveltmannk8@bizjournals.com,Female,49183 Vernon Alley,Camangcamang
730,Mohammed Pipes,mpipesk9@java.com,,97177 Farragut Hill,Paris 10
731,Reid Jeans,rjeanska@intel.com,Male,83 Mayfield Park,Bornu Yassu
732,Rockie Merryman,rmerrymankb@time.com,Male,,Nowa Sarzyna
733,Miriam Wilacot,mwilacotkc@mayoclinic.com,,,Karlovy Vary
734,Ariadne Treffrey,atreffreykd@networksolutions.com,Female,,Sekolan
735,Sibeal MacKinnon,smackinnonke@hao123.com,Female,,Dhaka
736,Vivianna Kimmel,vkimmelkf@archive.org,Female,,Kingersheim
737,Cyrus Tumbridge,ctumbridgekg@de.vu,Polygender,71 Grayhawk Trail,Pedroso
738,Jay Redier,jredierkh@discovery.com,Bigender,6206 Barnett Park,Huangling
739,Shurlocke Creffield,,Male,35918 Karstens Lane,Baiba
740,Rowland Knee,rkneekj@theglobeandmail.com,Male,11171 Elmside Court,Zhangdu
741,Gabbey Burn,,,63949 Melvin Place,Goge
742,Regine McNutt,rmcnuttkl@tiny.cc,,,Kenzhe
743,Bert Wordesworth,bwordesworthkm@redcross.org,Male,2 Moose Pass,Fonte do Feto
744,Nadiya Sallis,nsalliskn@yahoo.co.jp,Female,34 Milwaukee Drive,København
745,Tomkin Ivanenkov,tivanenkovko@army.mil,,0 Westerfield Crossing,
746,Mia Grimbleby,mgrimblebykp@miitbeian.gov.cn,Female,169 Blue Bill Park Center,Funchal
747,Krispin Cursey,kcurseykq@independent.co.uk,Male,,Zaslawye
748,Welbie Bus,wbuskr@nymag.com,,84423 Lerdahl Hill,Jaguaquara
749,Janey Lotte,jlotteks@harvard.edu,,1528 Reinke Avenue,Wucun
750,Ade Balden,abaldenkt@vimeo.com,Male,566 Bluejay Crossing,Karangwungu Lor
751,Tate Tough,ttoughku@vinaora.com,,1906 Rusk Center,Lakbok
752,Mickie Marquet,mmarquetkv@baidu.com,,8785 Thompson Hill,Korydallós
753,Gregor Follin,gfollinkw@vk.com,Male,5 Steensland Place,Kista
754,Mickey Fenlon,mfenlonkx@wp.com,Male,,Castlebridge
755,Roze Shoebottom,rshoebottomky@loc.gov,Female,,Ōhara
756,Bernardo Biddleston,bbiddlestonkz@symantec.com,Male,8 Bluestem Trail,
757,Rennie Greg,rgregl0@nytimes.com,Female,,Kaset Wisai
758,Dallas Cameron,dcameronl1@yandex.ru,,,Fusheng
759,Hollie Dowtry,hdowtryl2@cafepress.com,Female,3 Briar Crest Point,Potoni
760,Maggy Coggins,mcogginsl3@csmonitor.com,,,
761,Zach Silver,zsilverl4@squarespace.com,,55 Buena Vista Point,Cilolongokan
762,Bernard Spracklin,bspracklinl5@hexun.com,Male,17919 Claremont Lane,Genang
763,Fania Spratley,fspratleyl6@wunderground.com,Female,760 Hoard Place,Jatisari
764,Colette Geffe,cgeffel7@w3.org,Female,,Portmore
765,Court Forker,cforkerl8@pinterest.com,Male,7956 Packers Parkway,Yangliu
766,Ephrem Fleet,efleetl9@rambler.ru,Male,,Maae
767,Crissy McGeachie,,,40463 Annamark Court,Dolisie
768,Cora Philippou,cphilippoulb@microsoft.com,,,Alhos Vedros
769,Roch Snewin,rsnewinlc@dmoz.org,Female,,Alto Barinas
770,Giovanna Ivachyov,,Female,656 Sage Pass,Tarata
771,Gifford Mival,gmivalle@japanpost.jp,,,Smiths Falls
772,Olimpia Jaskowicz,ojaskowiczlf@imageshack.us,,29 Karstens Point,San Cristóbal
773,Claus Boule,cboulelg@google.it,Male,,Socorro
774,Burtie Storr,bstorrlh@tumblr.com,Male,146 Hooker Junction,Pringu
775,Julio House,jhouseli@pinterest.com,Male,,Dolní Bečva
776,Tybalt Waplington,twaplingtonlj@wikispaces.com,Male,,Iznoski
777,Lelah Hellicar,lhellicarlk@flickr.com,Female,42 Hagan Street,Viana do Alentejo
778,Clarita Eaves,ceavesll@wikimedia.org,Polygender,9 Sommers Trail,Qinglong
779,Torrey Elldred,telldredlm@studiopress.com,Male,37265 Ridge Oak Plaza,
780,Wyndham Greenset,wgreensetln@china.com.cn,Male,3 Gale Drive,
781,Thane Featherstonhaugh,tfeatherstonhaughlo@qq.com,Male,3656 Kenwood Place,Macari
782,Clark Baskett,cbaskettlp@freewebs.com,Male,,Rakitnoye
783,Alvan Bastock,,Male,8 Vernon Center,
784,Arty Imlen,aimlenlr@creativecommons.org,Male,45734 Carberry Street,Staryy Krym
785,Hyacintha Twittey,htwitteyls@latimes.com,Polygender,8285 Kennedy Trail,Bolian
786,Pippy Rust,prustlt@mapquest.com,Female,,Pindi Bhattiān
787,Gussie Fleury,gfleurylu@topsy.com,Female,,
788,Kerrill Gleder,kglederlv@fda.gov,,3 Gulseth Street,Sigaboy
789,Dannel Godwyn,,Male,2876 Forster Avenue,
790,Karla Riche,krichelx@pbs.org,,,Uralets
791,Moe Gritton,mgrittonly@amazon.com,,,Žatec
792,Corby Klaus,cklauslz@google.es,,61724 Nevada Hill,
793,Raynell Livings,rlivingsm0@bloomberg.com,Female,1926 Garrison Park,
794,Arnold Beincken,abeinckenm1@tamu.edu,Male,731 Vahlen Park,Mandalasari
795,Mariellen Briddock,mbriddockm2@comsenz.com,,,Magole
796,Dorolisa Maylor,dmaylorm3@yandex.ru,Female,6 Anzinger Terrace,Nanmuping
797,Case Wethered,cwetheredm4@comcast.net,Male,,Nanao
798,Harlen Gracewood,hgracewoodm5@google.es,Male,,
799,Raynor Gulleford,rgullefordm6@cbsnews.com,Male,,Quartier Militaire
800,Coleman Ody,codym7@apache.org,Male,,Abbeville
801,Haley Landsborough,hlandsboroughm8@umn.edu,Agender,,Outlook
802,Kaylee McGifford,kmcgiffordm9@51.la,Female,734 School Terrace,Kurumkan
803,Yoshi Haney,yhaneyma@google.com.au,Female,,Nālchiti
804,Ericha Zebedee,ezebedeemb@umn.edu,Female,,Timbó
805,Regan Earthfield,rearthfieldmc@nih.gov,Female,,Trojanów
806,Deb Dinsdale,ddinsdalemd@tamu.edu,,,Wangcun
807,Rina Fagan,rfaganme@tiny.cc,Female,0564 Buell Hill,
808,Harriott Kingshott,hkingshottmf@cbc.ca,Female,592 Buell Road,Pitrufquén
809,Othello Ormston,oormstonmg@woothemes.com,Male,0 Dawn Pass,
810,Alfi Ellcock,aellcockmh@youtu.be,,,Bandong
811,Marie Tatterton,mtattertonmi@seattletimes.com,Female,,"Palmas De Gran Canaria, Las"
812,Mela Yosselevitch,myosselevitchmj@discovery.com,,29102 Duke Pass,Gelgaudiškis
813,Kahlil Dagworthy,kdagworthymk@nature.com,Male,,
814,Rafael Coller,rcollerml@psu.edu,,88 Menomonie Drive,
815,Harald Tysall,htysallmm@hostgator.com,,7909 Buena Vista Plaza,Guruafin
816,Torr Carek,,Male,84 Oneill Terrace,Радишани
817,Bel Whatson,bwhatsonmo@princeton.edu,Female,,Lushuihe
818,Dael Rediers,drediersmp@oracle.com,Male,255 Muir Road,Orekhovo-Borisovo Severnoye
819,Isiahi Randal,irandalmq@sbwire.com,Male,5 Lighthouse Bay Park,
820,Genni Hannabus,ghannabusmr@ocn.ne.jp,,12614 Hazelcrest Alley,Koltushi
821,Deb Stannis,dstannisms@java.com,Female,6 Vahlen Plaza,
822,Jerri Conrard,jconrardmt@chicagotribune.com,Male,,Huangwei
823,Ted Pittel,tpittelmu@blogger.com,Male,091 Riverside Pass,Milagros
824,Sigismondo Bridgland,sbridglandmv@bbb.org,Male,4653 Huxley Plaza,Maria
825,Reed Cathie,rcathiemw@hugedomains.com,,,Colón
826,Ashlen Rentz,arentzmx@uiuc.edu,Female,,Nanhe
827,Gerald Kimmitt,gkimmittmy@ebay.co.uk,,480 Hollow Ridge Street,
828,Avrom Whiteman,awhitemanmz@surveymonkey.com,Male,,Jieguanting
829,Ainslie Storrah,,,82105 Carpenter Crossing,Pesochnoye
830,Beltran Bruckman,bbruckmann1@booking.com,Male,,
831,Electra Beausang,ebeausangn2@youtube.com,Female,,Lixiqiao
832,Donna Aleshkov,daleshkovn3@cnbc.com,Genderfluid,97 Troy Alley,Salavat
833,Steffen Lorenz,,,381 Anzinger Trail,Haninge
834,Richmond Gretham,rgrethamn5@comcast.net,,,Fauske
835,Morris Fanthom,mfanthomn6@quantcast.com,Male,84 Continental Terrace,Makiwalo
836,Ronnie Busse,rbussen7@sogou.com,,673 Pine View Center,
837,Malchy Houchin,mhouchinn8@alexa.com,Male,,Abovyan
838,Ignace Binestead,ibinesteadn9@wikimedia.org,Male,,
839,Mitchel Kenealy,mkenealyna@wufoo.com,,,Mehrābpur
840,Dino Cantillon,dcantillonnb@ycombinator.com,,,La Sebala du Mornag
841,Zahara Wisam,zwisamnc@cnn.com,,21 Debs Parkway,Moluo
842,Ashly Purdon,apurdonnd@homestead.com,Female,,Kuala Lumpur
843,Myrwyn Fomichkin,mfomichkinne@paginegialle.it,,891 High Crossing Place,Malanday
844,Shelagh Giamuzzo,,Female,,
845,Addison Ambrosetti,,,4113 Graceland Plaza,Almaguer North
846,Janna Vasse,jvassenh@mashable.com,Female,41 Acker Plaza,Selínia
847,Shandeigh Cromb,scrombni@kickstarter.com,,,Pardubice
848,Jedidiah Ciciari,jciciarinj@shop-pro.jp,Male,,
849,Kristofer McEvoy,kmcevoynk@bloglovin.com,Male,,Duanjia
850,Burton Salman,bsalmannl@nifty.com,,923 Westerfield Court,
851,Gerome Burnip,gburnipnm@hatena.ne.jp,Male,5364 Commercial Road,Tongmuluo
852,Joel Floch,jflochnn@nydailynews.com,,,Milotice
853,Jade Kauscher,jkauscherno@forbes.com,Female,,
854,Gwenette Tirone,,,992 Schurz Crossing,Cimanggu
855,Malvina Eskrigge,meskriggenq@washington.edu,,05 Basil Court,Ciketak
856,Lynsey Hickeringill,lhickeringillnr@virginia.edu,Female,11 Alpine Crossing,Lalupon
857,Kelley Twidle,ktwidlens@pen.io,Female,6 Mandrake Pass,Salerno
858,Marianna Malia,mmaliant@ebay.co.uk,,91 Eastwood Alley,
859,Noe Normansell,nnormansellnu@go.com,Male,,Santa Luċija
860,Dionne Hanrahan,dhanrahannv@bloglovin.com,,,
861,Reinald Purkins,rpurkinsnw@privacy.gov.au,Male,,Heqian
862,Karoly Fardell,kfardellnx@paypal.com,,8458 Larry Pass,Cagbang
863,Lolly Sargant,lsargantny@hugedomains.com,Female,,Zemun
864,Noby Yanson,nyansonnz@chronoengine.com,Genderfluid,10 Grover Court,Jaša Tomić
865,Olenolin Prene,opreneo0@mashable.com,Male,0 Fisk Place,
866,Zedekiah Lashmore,zlashmoreo1@i2i.jp,,,Regente Feijó
867,Ynez Drinkale,ydrinkaleo2@rambler.ru,Female,85152 Old Gate Court,
868,Wood Nottingam,wnottingamo3@msn.com,Male,,Mattaldi
869,Jorey Lewknor,,,5 Fallview Circle,Cantilan
870,Clark Jewkes,cjewkeso5@dyndns.org,Male,,Alta
871,Noreen Saurat,nsaurato6@gmpg.org,Female,5421 Leroy Alley,Old Shinyanga
872,Dennison Blewett,dblewetto7@soundcloud.com,,,Strzelce
873,Agnese Baily,abailyo8@bing.com,Female,,
874,Pauly Ogilvy,pogilvyo9@apple.com,Female,87534 Hayes Point,Ponta do Sol
875,Winnie Glendza,,Male,6 Troy Center,
876,Joel Fishbourn,jfishbournob@taobao.com,Male,0 Dryden Way,Dąbie
877,Janela Bettison,jbettisonoc@sohu.com,,12 Burrows Way,Fasito‘outa
878,Debee Morrilly,dmorrillyod@mapy.cz,Female,,Arenas
879,Heida Berge,hbergeoe@slashdot.org,Female,45612 Darwin Place,Sumurgayam
880,Rosemaria Gatcliff,rgatcliffof@sfgate.com,Female,,Sagasa
881,Hugh Menure,hmenureog@hao123.com,,07897 Calypso Road,Cadagmayan Norte
882,Tan Domelow,tdomelowoh@washington.edu,Male,37 Heath Point,Breda
883,Chicky Iskowicz,ciskowiczoi@scribd.com,Genderqueer,,Kebonagung
884,Maressa Taffley,mtaffleyoj@apple.com,,7304 Hanover Way,Gowurdak
885,Fernando Enrdigo,fenrdigook@dailymail.co.uk,,,
886,Waylon Kelloway,wkellowayol@drupal.org,Male,62 Scofield Junction,Idi Rayeuk
887,Manny Henricsson,mhenricssonom@devhub.com,Male,,Tucano
888,Osbourn Adds,oaddson@dailymotion.com,Male,7340 Donald Point,
889,Hurley Wesson,hwessonoo@nytimes.com,Male,,Pamedaran
890,Conway Van Weedenburg,cvanop@opera.com,Male,6739 Charing Cross Terrace,Örnsköldsvik
891,Marcus Youhill,myouhilloq@oakley.com,,30 Redwing Lane,Oslo
892,Gloria Plowes,gplowesor@adobe.com,,63594 Green Ridge Parkway,
893,Justus McMeekan,jmcmeekanos@alexa.com,,,Namioka
894,Joletta Galletly,jgalletlyot@symantec.com,,6 Lawn Terrace,Ashcroft
895,Ellwood De la Yglesias,edeou@washington.edu,Male,,Phichai
896,Elijah Ettels,eettelsov@imgur.com,Male,,New York City
897,Brittaney Redhills,bredhillsow@squidoo.com,Female,169 Surrey Circle,Sabang
898,Jasmin Risson,jrissonox@oracle.com,,9 Helena Court,Quinarayan
899,Elsey Leverich,eleverichoy@flickr.com,Female,,Weishui
900,Denyse Bonny,dbonnyoz@latimes.com,Female,120 Donald Road,Murcia
901,Ronny Cockerham,,,895 Vera Plaza,Kyriáki
902,Janeczka Petrelli,jpetrellip1@jugem.jp,,39026 Maryland Terrace,Castelões
903,Leda Vanelli,lvanellip2@csmonitor.com,,,Jifarong
904,Ellsworth Urrey,eurreyp3@newsvine.com,Male,99286 Briar Crest Avenue,Smederevo
905,Pen Ragat,pragatp4@npr.org,Male,7373 Caliangt Avenue,Xiongzhou
906,Gwen Hardbattle,ghardbattlep5@bloglovin.com,Female,63206 Sycamore Way,Ortega
907,Tracie Southcomb,tsouthcombp6@latimes.com,Female,37 Cody Avenue,
908,Garey Patroni,gpatronip7@home.pl,Male,3178 Crowley Lane,Pavlogradka
909,Antonina Boncoeur,aboncoeurp8@npr.org,Female,35 Rusk Trail,Bibinje
910,Pammi Burditt,pburdittp9@facebook.com,Non-binary,69350 Pond Circle,Stockholm
911,Drucie Egleton,,Agender,,Kadudampit
912,Xever Huddles,,,87264 Lindbergh Circle,Jataí
913,Issiah Saiens,isaienspc@ucsd.edu,Male,,Atarodangwautu
914,Rhona O'Sharry,rosharrypd@sfgate.com,Polygender,,
915,Fiona Ranfield,franfieldpe@ask.com,Female,,
916,Paola Byres,pbyrespf@reddit.com,,5584 Morning Center,Ingarö
917,Vittoria McCaffery,vmccafferypg@mashable.com,Female,,
918,Cyril Evitts,cevittsph@a8.net,,033 Main Street,Fort Worth
919,Tybi Calam,tcalampi@tmall.com,,70 Fallview Court,Rędziny
920,Lovell Fley,lfleypj@homestead.com,Male,,
921,Annalee Skillett,askillettpk@zdnet.com,Genderqueer,,Monte Alegre
922,Maren Ilyushkin,milyushkinpl@microsoft.com,Female,,Kudirkos Naumiestis
923,Kenn Witty,kwittypm@aboutads.info,,2760 Pennsylvania Lane,Krajan
924,Marjorie Halgarth,mhalgarthpn@toplist.cz,Bigender,,Jingkou
925,George Cousans,gcousanspo@tinypic.com,Female,,Yushang
926,Ardra Luke,alukepp@senate.gov,Female,,Yonkers
927,Star Albrook,salbrookpq@usatoday.com,,019 Evergreen Park,Yerofey Pavlovich
928,Ricca Grisley,rgrisleypr@paypal.com,Female,,Ambato
929,Gaylor Lillicrap,glillicrapps@phpbb.com,,7676 Shopko Circle,Houyu
930,Bartolemo Huggen,bhuggenpt@rakuten.co.jp,Male,31778 Roth Crossing,Zoumi
931,Jenelle Rosencwaig,jrosencwaigpu@fema.gov,Female,78512 Commercial Street,Loikaw
932,Whitby Shackleton,,,,Sardasht
933,Valerye Kirstein,,,96593 Orin Trail,Amman
934,Elberta Dumbellow,edumbellowpx@hhs.gov,Female,9 Maryland Trail,Punta Alta
935,Jorry Goodright,jgoodrightpy@weibo.com,Female,56 Superior Hill,Pakis
936,Colline Drews,cdrewspz@yolasite.com,Female,45499 Porter Alley,White City
937,Lorne Dran,ldranq0@tinyurl.com,Male,81 Green Crossing,Xilin Hot
938,Pace Safell,psafellq1@woothemes.com,Male,6607 Summit Place,Petkovci
939,Boonie McMakin,bmcmakinq2@nymag.com,Male,414 Thompson Street,
940,Iggie Quadling,iquadlingq3@army.mil,Male,6372 Summer Ridge Point,Aoufous
941,Pavla Skinley,,Female,5763 Holy Cross Junction,Strasbourg
942,Lari Chuck,lchuckq5@java.com,Female,4550 Service Circle,Město Libavá
943,Warde Marcum,wmarcumq6@opensource.org,Male,,Casal Novo
944,Malena Orpin,morpinq7@google.com.hk,Female,,Caxarias
945,Cale Goroni,cgoroniq8@so-net.ne.jp,,85 Susan Hill,Tanahwurung
946,Jenica Myrkus,jmyrkusq9@usda.gov,Female,,Diên Khánh
947,Rogerio Bott,rbottqa@nationalgeographic.com,,6596 Manufacturers Way,Dvurechensk
948,Pet Akroyd,pakroydqb@ox.ac.uk,Agender,98343 Towne Drive,Carora
949,Elmo Elgood,eelgoodqc@seattletimes.com,Male,2557 Melrose Center,Yangxunqiao
950,Linda Cussins,lcussinsqd@cocolog-nifty.com,Female,,Khemisset
951,Robers Solleme,rsollemeqe@photobucket.com,Male,8 Sachs Point,Ash Shafā
952,Mildred Woolmington,mwoolmingtonqf@bing.com,Female,204 Northfield Plaza,
953,Rosella Cases,rcasesqg@youku.com,,,Göteborg
954,Mart Malcolm,mmalcolmqh@yolasite.com,Male,8 Talisman Parkway,As Saddah
955,Clarke Newstead,cnewsteadqi@multiply.com,Male,6142 Menomonie Center,Hisor
956,Sanson Burgane,sburganeqj@wsj.com,Male,8 Straubel Junction,Jayawangi
957,Brendis Merrgan,bmerrganqk@yellowbook.com,,94 Meadow Ridge Street,
958,Cathrine Bowry,cbowryql@privacy.gov.au,Female,744 Weeping Birch Drive,Mykolayiv
959,Creighton Barizeret,cbarizeretqm@freewebs.com,Male,,Farafenni
960,Gerik Feldklein,gfeldkleinqn@jugem.jp,Male,1161 Spaight Plaza,Guanmiao
961,Stirling O'Doran,sodoranqo@symantec.com,Male,,Trinidad
962,Bonita Beggi,bbeggiqp@joomla.org,,59 Jenna Street,
963,Eugenio Cattach,ecattachqq@yellowbook.com,Male,,Quetta
964,Luci Roulston,lroulstonqr@msu.edu,Female,973 Holmberg Junction,
965,Marna Teall,mteallqs@reference.com,Female,0 Vera Terrace,Itapé
966,Marabel Nise,mniseqt@1688.com,,,Luzern
967,Ali Donner,adonnerqu@t-online.de,Male,4 Sommers Junction,Gandusari
968,Rebecca Byres,rbyresqv@tumblr.com,,,Mueang Suang
969,Collie Hardwich,chardwichqw@sciencedirect.com,Female,563 Ilene Drive,Fenghua
970,Nathan Aberkirder,naberkirderqx@discovery.com,Male,,Martapura
971,Symon Trulock,,Male,,Jiangcun
972,Roman Newey,rneweyqz@salon.com,,252 Spohn Crossing,
973,Johnny Josefer,jjoseferr0@yandex.ru,,,Jianshan
974,Cariotta Boyford,cboyfordr1@bloglovin.com,Female,,Zwolle
975,Sonnie Yo,syor2@wp.com,Bigender,77 Eastlawn Plaza,Ḩarīb
976,Shawn Minchindon,sminchindonr3@patch.com,Female,,Miaojie
977,Rick Gilardengo,,,816 Summerview Crossing,Fort Pierce
978,Kary Lebel,klebelr5@eepurl.com,Female,,
979,Brok Mewhirter,bmewhirterr6@spotify.com,Male,,Berëzovyy
980,Lek Mayer,lmayerr7@trellian.com,Male,01360 Mandrake Circle,
981,Elenore Fradgley,efradgleyr8@cloudflare.com,Female,2 Gale Court,
982,Heywood Catterick,hcatterickr9@imageshack.us,Male,,Ohrid
983,Aguie Bowlesworth,abowlesworthra@g.co,,,Kivsharivka
984,Sholom De Ferraris,sderb@accuweather.com,Male,6440 Maywood Lane,Banovo Polje
985,Esmeralda Eddowes,eeddowesrc@dion.ne.jp,,,Cireundang
986,Yale Birtle,ybirtlerd@cbslocal.com,Male,,Hufang
987,Lina Stearn,lstearnre@printfriendly.com,Female,,Castleknock
988,Thia Lomath,tlomathrf@xrea.com,,2433 Starling Circle,Pu’an
989,Lay Kenworthey,lkenwortheyrg@facebook.com,Male,5 Macpherson Park,Emiliano Zapata
990,Meta Chislett,mchislettrh@hhs.gov,,,Ubay
991,Gabbey Smurthwaite,gsmurthwaiteri@joomla.org,Female,41 Carberry Terrace,Pryazha
992,Corrie Bertome,cbertomerj@stumbleupon.com,Female,12 Almo Place,Yuncao
993,Ferne Bettam,fbettamrk@cpanel.net,Female,76 Mesta Circle,Mikumi
994,Bale Gaddas,bgaddasrl@nbcnews.com,Male,,Naze
995,Lezlie Norval,lnorvalrm@usda.gov,,,Boracéia
996,Walt Ashbey,,Male,05202 Mayer Center,
997,Donn Hatch,dhatchro@wix.com,Male,68025 Montana Street,
998,Lisbeth Corley,lcorleyrp@barnesandnoble.com,Female,9 Dexter Junction,
999,Barton Spratley,bspratleyrq@apple.com,Male,502 Morrow Court,Oceanside
1000,Herminia Patrick,hpatrickrr@bravesites.com,,,Měnín
